system:index,LST,NDBI,NDVI,NDWI,QA_PIXEL,QA_RADSAT,SR_B1,SR_B2,SR_B3,SR_B4,SR_B5,SR_B6,SR_B7,SR_QA_AEROSOL,ST_ATRAN,ST_B10,ST_CDIST,ST_DRAD,ST_EMIS,ST_EMSD,ST_QA,ST_TRAD,ST_URAD,.geo,longitude,latitude
2219,61.368162530000006,0.0833648102292917,0.0997868304882756,-0.1484207943351912,21824.0,0.0,9850.5,10517.5,12146.5,13408.0,16380.5,19360.0,16992.5,160.0,6353.5,54276.5,14055.0,1470.0,9486.0,417.0,401.5,12312.0,3072.0,"{""type"":""Point"",""coordinates"":[81.6487328673034,21.13080459221658]}",81.6487328673034,21.13080459221658
627,60.89989379000002,0.0695827516674422,0.114654179209871,-0.1507942598419154,21824.0,0.0,9245.5,9781.0,11066.0,11911.0,14996.0,17239.0,15188.0,224.0,6355.0,54139.5,14086.0,1470.0,9653.0,134.0,250.0,12406.0,3070.5,"{""type"":""Point"",""coordinates"":[81.63410029539247,21.12773112384728]}",81.63410029539247,21.12773112384728
1528,60.46409624,0.0671450839681185,0.1078395417474371,-0.1502865017770363,21824.0,0.0,9430.0,10134.5,11715.0,12771.5,15859.0,18142.0,15905.0,192.0,6353.0,54012.0,14081.5,1470.5,9652.0,81.0,236.0,12355.5,3072.5,"{""type"":""Point"",""coordinates"":[81.63716206551805,21.118804914952836]}",81.63716206551805,21.118804914952836
567,60.412825940000005,0.0818901847136446,0.0985759014240985,-0.1526315789473684,21824.0,0.0,9707.0,10291.0,11994.5,13387.5,16315.5,19226.0,17051.5,160.0,6352.5,53997.0,14114.0,1471.0,9667.0,106.0,241.0,12363.0,3074.0,"{""type"":""Point"",""coordinates"":[81.6216390188332,21.11843213755277]}",81.6216390188332,21.11843213755277
1855,60.16843750999999,0.0735125530207497,0.0965553501467071,-0.1467745082388832,21824.0,0.0,9646.5,10340.0,12026.0,13317.0,16163.5,18728.5,16424.0,160.0,6354.5,53925.5,14124.0,1470.5,9647.0,143.0,252.0,12319.5,3072.0,"{""type"":""Point"",""coordinates"":[81.61618644651011,21.128125788946125]}",81.61618644651011,21.128125788946125
841,60.16501949000002,0.0553538461538461,0.1152847152847152,-0.1510788669553643,21824.0,0.0,9159.0,9834.0,11321.0,12177.0,15350.5,17149.5,14909.5,224.0,6355.5,53924.5,14077.0,1469.5,9658.0,147.0,253.0,12328.5,3070.5,"{""type"":""Point"",""coordinates"":[81.63848467610391,21.12701128658562]}",81.63848467610391,21.12701128658562
350,60.04709780000002,0.0866496765340129,0.102796469752815,-0.1535237421522681,21824.0,0.0,9633.5,10273.5,11966.0,13266.5,16306.5,19400.5,16898.0,160.0,6353.5,53890.0,14052.0,1470.0,9671.5,59.0,231.0,12325.5,3072.0,"{""type"":""Point"",""coordinates"":[81.65014190848464,21.130397699561787]}",81.65014190848464,21.130397699561787
956,59.94455720000002,0.0724661202629229,0.0883641211197867,-0.1297368889240318,21824.0,0.0,9038.0,9618.5,11006.0,11967.5,14287.5,16520.0,14797.5,224.0,6358.0,53860.0,13997.0,1468.0,9699.0,72.0,233.0,12339.0,3066.5,"{""type"":""Point"",""coordinates"":[81.67812353972289,21.144966199351977]}",81.67812353972289,21.144966199351977
60,59.93430314,0.0764336637600477,0.0955341048836778,-0.1454135550232492,21824.0,0.0,9856.0,10467.5,12130.0,13422.5,16258.0,18949.0,17101.5,160.0,6353.5,53857.0,14104.0,1470.5,9644.0,109.0,242.0,12290.5,3072.5,"{""type"":""Point"",""coordinates"":[81.62621028117688,21.120302717922243]}",81.62621028117688,21.120302717922243
553,59.92234007000002,0.090665398417571,0.0945045795170691,-0.1435821220139921,21824.0,0.0,9565.5,10211.5,11813.0,13050.0,15774.0,18919.5,16672.5,160.0,6354.5,53853.5,14054.0,1470.0,9680.5,102.0,240.0,12320.5,3071.5,"{""type"":""Point"",""coordinates"":[81.64924987070792,21.13097816365515]}",81.64924987070792,21.13097816365515
507,59.91721303999998,0.0692560658366191,0.0926342072409488,-0.1314015234382768,21824.0,0.0,8980.0,9574.5,10918.5,11810.5,14222.0,16338.5,14500.0,224.0,6354.5,53852.0,14077.0,1469.5,9632.5,103.0,240.0,12278.5,3070.5,"{""type"":""Point"",""coordinates"":[81.63902159755072,21.121921091075023]}",81.63902159755072,21.121921091075023
1244,59.886450860000025,0.0663831650042212,0.1050742070394907,-0.137490952036268,21824.0,0.0,9356.0,9895.0,11320.0,12090.0,14929.0,17052.0,15021.0,160.0,6363.0,53843.0,11105.0,1468.0,9723.0,44.0,228.0,12361.0,3067.0,"{""type"":""Point"",""coordinates"":[81.5825261918118,21.187642403737303]}",81.5825261918118,21.187642403737303
898,59.85397967000006,0.0847480813691021,0.0965172498565926,-0.1474437031574253,21824.0,0.0,9995.5,10703.5,12427.5,13781.5,16726.0,19823.5,17921.0,160.0,6355.0,53833.5,14093.5,1469.5,9633.0,162.0,259.0,12272.0,3070.5,"{""type"":""Point"",""coordinates"":[81.63107481467628,21.120654282879073]}",81.63107481467628,21.120654282879073
1101,59.67111560000001,0.0818294633912952,0.0977244695493627,-0.1404535071591732,21824.0,0.0,9465.5,10139.5,11571.0,12619.0,15352.5,18089.0,16119.5,192.0,6357.5,53780.0,14045.5,1469.0,9494.5,578.0,505.5,12135.0,3069.5,"{""type"":""Point"",""coordinates"":[81.65043608470879,21.15650835315668]}",81.65043608470879,21.15650835315668
1950,59.60959123999999,0.0855677385669093,0.0831862914521674,-0.1292194492907532,21824.0,0.0,9459.0,10040.5,11479.5,12600.0,14886.5,17672.5,16060.5,160.0,6362.5,53762.0,13991.0,1466.5,9658.0,88.0,236.0,12270.0,3064.0,"{""type"":""Point"",""coordinates"":[81.67762827164762,21.17667014189981]}",81.67762827164762,21.17667014189981
527,59.601046190000034,0.0623356293049467,0.0938276113951789,-0.1317310962475909,21824.0,0.0,9212.5,9923.0,11488.5,12405.5,14974.5,16965.5,15095.0,224.0,6355.5,53759.5,14045.0,1470.5,9615.0,106.0,241.0,12230.5,3072.0,"{""type"":""Point"",""coordinates"":[81.64935149545852,21.167591208264714]}",81.64935149545852,21.167591208264714
1775,59.43356320999999,0.0553869608364855,0.1259150052286013,-0.1655988783786182,21824.0,0.0,9487.0,10173.0,11754.0,12747.0,16419.5,18345.0,15805.5,177.0,6353.0,53710.5,14104.5,1471.0,9623.5,157.0,256.0,12217.0,3073.0,"{""type"":""Point"",""coordinates"":[81.62571331382193,21.122719474237968]}",81.62571331382193,21.122719474237968
629,59.33956766000006,0.0830965297511409,0.0879367890470676,-0.1469400211837782,21824.0,0.0,9551.5,10224.5,11879.5,13390.0,15972.0,18867.0,16660.5,160.0,6358.5,53683.0,13994.5,1467.0,9558.0,479.0,435.0,12150.0,3065.5,"{""type"":""Point"",""coordinates"":[81.68103937508734,21.130560879793983]}",81.68103937508734,21.130560879793983
574,59.31564151999999,0.035106179452841,0.1195545607576906,-0.1533711933528986,21824.0,0.0,8920.5,9596.5,11106.5,11899.0,15130.5,16231.5,14049.5,224.0,6354.5,53676.0,14078.5,1470.0,9632.5,103.0,240.0,12211.5,3071.5,"{""type"":""Point"",""coordinates"":[81.63801505224089,21.12249127311743]}",81.63801505224089,21.12249127311743
1519,59.281461320000005,0.0814463314463314,0.0928029052492571,-0.1490609921199708,21824.0,0.0,9945.5,10549.5,12256.5,13739.5,16550.5,19485.5,17563.0,145.0,6352.5,53666.0,14110.5,1471.0,9665.5,98.0,238.0,12235.5,3074.0,"{""type"":""Point"",""coordinates"":[81.62317580706065,21.12192802836497]}",81.62317580706065,21.12192802836497
2198,59.26266221000003,0.0650315521153905,0.0987634025608709,-0.1367828256104014,21824.0,0.0,9257.0,9930.0,11419.5,12335.0,15038.5,17130.5,15033.0,209.0,6358.0,53660.5,14068.5,1469.0,9676.0,148.0,253.0,12245.0,3068.5,"{""type"":""Point"",""coordinates"":[81.63947483655538,21.151284745460035]}",81.63947483655538,21.151284745460035
1392,59.18917478000003,0.0801347611599085,0.0989326912710676,-0.1409383453036097,21824.0,0.0,9351.0,10040.5,11512.5,12537.0,15290.0,17954.0,15821.0,224.0,6357.5,53639.0,13999.0,1468.0,9692.0,79.0,234.0,12248.5,3068.0,"{""type"":""Point"",""coordinates"":[81.676660735297,21.1472554762884]}",81.676660735297,21.1472554762884
1332,59.02510982000001,0.0622942596482427,0.1037714960513691,-0.1410804211811384,21824.0,0.0,9143.0,9810.5,11257.0,12143.0,14955.0,16942.0,14940.5,224.0,6352.0,53591.0,14058.0,1471.0,9486.0,417.0,396.0,12054.5,3074.0,"{""type"":""Point"",""coordinates"":[81.64720642660538,21.13231618232558]}",81.64720642660538,21.13231618232558
686,58.99776566000003,0.0621778256691033,0.1117171856659531,-0.1540280963302752,21824.0,0.0,9495.0,10247.0,11803.0,12865.0,16101.0,18236.0,15727.0,224.0,6360.0,53583.0,11132.0,1469.0,9668.0,113.0,241.0,12214.0,3069.0,"{""type"":""Point"",""coordinates"":[81.58899706900077,21.184133244956424]}",81.58899706900077,21.184133244956424
1225,58.91060615000004,0.0749387497036276,0.0926811053024645,-0.1347358216190014,21824.0,0.0,9016.5,9675.0,11156.5,12149.0,14631.0,17001.5,15125.0,224.0,6357.5,53557.5,13940.0,1467.0,9588.0,406.0,386.0,12128.0,3065.5,"{""type"":""Point"",""coordinates"":[81.71334900403869,21.145717346358932]}",81.71334900403869,21.145717346358932
772,58.81490158999998,0.0501144299043483,0.1212357351897068,-0.1609409739654307,21824.0,0.0,9449.0,10138.0,11699.0,12686.5,16187.0,17895.0,15474.0,192.0,6353.0,53529.5,14128.0,1471.0,9654.0,61.0,231.0,12174.5,3073.5,"{""type"":""Point"",""coordinates"":[81.61477125877926,21.127564816279804]}",81.61477125877926,21.127564816279804
2380,58.80806555000004,0.0729334169142296,0.1037917998474843,-0.1561076745292638,21824.0,0.0,10070.0,10783.5,12414.5,13809.0,17007.5,19683.5,17336.5,160.0,6352.5,53527.5,14100.0,1471.0,9713.5,90.0,236.0,12223.5,3073.5,"{""type"":""Point"",""coordinates"":[81.6284065151733,21.11895857093876]}",81.6284065151733,21.11895857093876
1652,58.77901238000004,0.0775224351200582,0.0895971351835273,-0.1346161017265167,21824.0,0.0,9402.5,10065.0,11603.5,12711.5,15213.5,17770.5,16093.0,160.0,6355.5,53519.0,14018.5,1469.0,9732.0,85.0,234.0,12234.5,3069.0,"{""type"":""Point"",""coordinates"":[81.66852097158018,21.124607451060402]}",81.66852097158018,21.124607451060402
1909,58.775594360000014,0.0526773647336616,0.1159666941165706,-0.1489129206074079,21824.0,0.0,9227.0,9868.0,11293.5,12077.0,15245.5,16941.0,14585.5,224.0,6355.5,53518.0,14094.5,1470.0,9663.0,68.0,231.0,12179.5,3071.5,"{""type"":""Point"",""coordinates"":[81.62745165469912,21.147799987230723]}",81.62745165469912,21.147799987230723
1223,58.755086240000026,0.0575828195521991,0.1131746750757866,-0.1541337764852513,21824.0,0.0,9469.0,10141.0,11707.0,12725.5,15973.5,17925.5,15565.0,192.0,6356.5,53512.0,14048.0,1470.0,9560.0,138.0,250.0,12090.0,3071.0,"{""type"":""Point"",""coordinates"":[81.64909195613171,21.157749518007755]}",81.64909195613171,21.157749518007755
441,58.62007445,0.0596594427244582,0.1077153120954065,-0.1435832752875619,21824.0,0.0,9280.5,9888.5,11373.0,12233.0,15186.5,17113.5,14994.0,224.0,6359.5,53472.5,14069.0,1468.0,9634.0,166.0,259.0,12138.5,3067.5,"{""type"":""Point"",""coordinates"":[81.6391327982069,21.15091841536459]}",81.6391327982069,21.15091841536459
2153,58.57564019000006,0.0640026698007806,0.0997681396617566,-0.1517023441823927,21824.0,0.0,9434.0,10217.5,11878.5,13201.0,16127.0,18332.5,16060.5,224.0,6362.5,53459.5,13994.5,1467.0,9678.0,86.0,234.0,12172.0,3064.5,"{""type"":""Point"",""coordinates"":[81.67520222875544,21.179175604691018]}",81.67520222875544,21.179175604691018
925,58.51240682000002,0.0843437447616919,0.0900836479137911,-0.1441587683929413,21824.0,0.0,9663.5,10362.5,12258.0,13679.0,16387.5,19406.5,17609.0,160.0,6358.0,53441.0,13989.0,1467.0,9593.0,434.0,402.0,12088.5,3065.5,"{""type"":""Point"",""coordinates"":[81.68455866659612,21.13039026651058]}",81.68455866659612,21.13039026651058
788,58.49189869999998,0.063708153674725,0.0903654110168694,-0.1275598514167914,21824.0,0.0,8954.0,9686.5,11215.0,12092.0,14494.5,16467.0,14503.5,224.0,6360.5,53435.0,13977.0,1467.0,9719.5,82.0,233.0,12196.0,3065.5,"{""type"":""Point"",""coordinates"":[81.68686634992955,21.16752334493645]}",81.68686634992955,21.16752334493645
800,58.48506266000004,0.0240801499882821,0.1469393376024237,-0.1763833468695928,21824.0,0.0,9257.0,10019.0,11662.0,12389.0,16657.0,17479.0,14905.0,224.0,6361.0,53433.0,11107.0,1469.0,9700.0,81.0,233.0,12184.0,3069.0,"{""type"":""Point"",""coordinates"":[81.58570341064551,21.18698322456959]}",81.58570341064551,21.18698322456959
2140,58.39106711,0.041118513652998,0.0858357241525874,-0.1074648864227501,21824.0,0.0,8602.0,9207.0,10294.5,10754.0,12773.5,13869.0,13082.5,224.0,6354.0,53405.5,14091.5,1470.5,9556.5,145.0,252.0,12046.5,3072.5,"{""type"":""Point"",""coordinates"":[81.63048744673277,21.133154794685645]}",81.63048744673277,21.133154794685645
1483,58.31587066999998,0.0720233139050791,0.0923793187944131,-0.128673534967963,21824.0,0.0,9312.0,9866.5,11185.0,12038.0,14488.5,16737.5,15384.5,224.0,6364.0,53383.5,13989.0,1466.0,9707.5,91.0,235.0,12169.5,3062.5,"{""type"":""Point"",""coordinates"":[81.67746460665586,21.187087755479652]}",81.67746460665586,21.187087755479652
183,58.27827245000003,0.0525616614267369,0.1265400680964583,-0.1652536988290823,21824.0,0.0,9272.5,9965.0,11495.5,12442.0,16047.0,17827.5,15099.0,209.0,6357.5,53372.5,14054.0,1469.0,9644.0,86.0,234.0,12109.0,3069.5,"{""type"":""Point"",""coordinates"":[81.64556108209415,21.160304513179764]}",81.64556108209415,21.160304513179764
1123,58.21162106000003,0.0411857458215074,0.0998209408743149,-0.1333569418299069,21824.0,0.0,9130.0,9885.0,11624.5,12442.5,15202.0,16508.0,14211.0,209.0,6358.0,53353.0,14032.0,1469.0,9700.5,49.0,228.0,12149.5,3069.5,"{""type"":""Point"",""coordinates"":[81.65539844870526,21.172087430511276]}",81.65539844870526,21.172087430511276
900,58.10395343000005,0.0698019801980198,0.0906452549095482,-0.1271745650869826,21824.0,0.0,8810.5,9495.0,10912.5,11750.0,14092.5,16207.5,14388.0,224.0,6357.5,53321.5,13946.0,1467.0,9755.0,75.0,232.0,12179.5,3066.0,"{""type"":""Point"",""coordinates"":[81.70915473889407,21.14616332612751]}",81.70915473889407,21.14616332612751
1302,58.09199036000001,0.061683160219187,0.0853088638728597,-0.1249166568615915,21824.0,0.0,8861.5,9563.0,11156.0,12086.5,14341.0,16226.5,14418.5,224.0,6358.5,53318.0,13941.0,1466.5,9671.0,230.0,285.0,12107.0,3064.5,"{""type"":""Point"",""coordinates"":[81.71282574058071,21.142852063279683]}",81.71282574058071,21.142852063279683
987,58.04755610000001,0.0826094266659194,0.1164614807489001,-0.1627155363770355,21824.0,0.0,9428.5,10183.0,11787.5,12954.0,16369.0,19317.0,16725.5,209.0,6357.5,53305.0,13978.5,1467.0,9464.5,624.0,534.0,11929.0,3065.5,"{""type"":""Point"",""coordinates"":[81.69073812901028,21.13260176175202]}",81.69073812901028,21.13260176175202
2130,58.01850293000001,0.0802152742183495,0.117604318040274,-0.1611963906963367,21824.0,0.0,9577.0,10242.5,11666.5,12751.5,16150.5,18967.5,16579.5,224.0,6367.5,53296.5,13987.5,1464.0,9682.0,81.0,232.0,12115.5,3058.5,"{""type"":""Point"",""coordinates"":[81.67804784869047,21.18956390834523]}",81.67804784869047,21.18956390834523
452,58.00824886999999,0.0696801488715346,0.0924303830566087,-0.1310451513100647,21824.0,0.0,9168.0,9783.0,11234.5,12148.5,14623.0,16813.5,14953.0,209.0,6363.5,53293.5,13994.5,1466.0,9696.5,70.0,231.0,12125.0,3062.5,"{""type"":""Point"",""coordinates"":[81.67616344974964,21.174977238181576]}",81.67616344974964,21.174977238181576
916,58.00141283000005,0.0710886536199337,0.1091071599578638,-0.1612827754474506,21824.0,0.0,9831.5,10726.0,12547.0,13954.5,17372.5,20031.5,17327.0,224.0,6353.5,53291.5,14028.5,1470.5,9642.0,112.0,241.0,12074.0,3072.5,"{""type"":""Point"",""coordinates"":[81.66090945151002,21.13998370575383]}",81.66090945151002,21.13998370575383
2142,57.99286777999998,0.0619708447386848,0.0920847847031794,-0.1317588325652841,21824.0,0.0,9071.0,9773.0,11304.5,12250.5,14735.5,16682.5,14846.5,209.0,6361.5,53289.0,13977.5,1466.5,9752.0,65.0,230.0,12168.0,3063.5,"{""type"":""Point"",""coordinates"":[81.68657137075594,21.168106409404682]}",81.68657137075594,21.168106409404682
812,57.99115877000003,0.0685093839339939,0.1035184697727472,-0.1522069736335819,21824.0,0.0,9348.5,9970.0,11567.5,12771.5,15721.0,18033.5,16018.0,192.0,6359.5,53288.5,14004.5,1466.5,9715.5,57.0,229.0,12135.0,3064.0,"{""type"":""Point"",""coordinates"":[81.67520524658227,21.132468350465317]}",81.67520524658227,21.132468350465317
191,57.968941640000025,0.0585400649916778,0.0865715331137943,-0.1284604130645437,21824.0,0.0,9112.5,9789.5,11467.5,12482.0,14848.0,16694.5,14796.0,224.0,6352.5,53282.0,14021.0,1471.0,9690.5,66.0,230.0,12110.5,3073.5,"{""type"":""Point"",""coordinates"":[81.66499325192102,21.141230220748938]}",81.66499325192102,21.141230220748938
1397,57.94159748000004,0.0934154525514576,0.1030363012972323,-0.1501971914046662,21824.0,0.0,9496.5,10097.0,11528.0,12688.0,15603.0,18818.5,16918.5,160.0,6359.5,53274.0,13959.0,1466.0,9704.5,95.0,236.0,12119.5,3063.5,"{""type"":""Point"",""coordinates"":[81.70143101670273,21.138619263385433]}",81.70143101670273,21.138619263385433
1395,57.94159748000004,0.0740999462654486,0.1271300081766148,-0.1775036730788943,21824.0,0.0,9857.0,10528.0,12036.0,13344.0,17231.0,19989.0,17237.0,160.0,6367.0,53274.0,10699.0,1465.0,9615.0,116.0,241.0,12053.0,3061.0,"{""type"":""Point"",""coordinates"":[81.6841651691492,21.214866514133718]}",81.6841651691492,21.214866514133718
799,57.92450738000002,0.0672968192757111,0.101568385727005,-0.1518808300359873,21824.0,0.0,9474.5,10219.5,11842.5,13118.0,16084.0,18405.0,16275.0,192.0,6355.5,53269.0,14014.5,1468.5,9718.0,68.0,231.0,12128.0,3068.5,"{""type"":""Point"",""coordinates"":[81.67117144293975,21.123115125357884]}",81.67117144293975,21.123115125357884
470,57.92279837000001,0.0397186781479644,0.095021849027504,-0.1275011469103998,21824.0,0.0,10034.5,10796.5,12362.0,13202.5,15975.0,17296.5,15261.0,224.0,6357.5,53268.5,14113.0,1469.0,9667.5,66.0,230.0,12088.0,3069.0,"{""type"":""Point"",""coordinates"":[81.62063871870497,21.133074354362122]}",81.62063871870497,21.133074354362122
2473,57.91767134000003,0.0443779536366432,0.1340113819249722,-0.1744247985291338,21824.0,0.0,9447.5,10319.0,12011.5,13048.5,17087.0,18674.0,15663.5,209.0,6355.0,53267.0,14045.5,1469.5,9468.5,592.0,511.0,11920.0,3070.5,"{""type"":""Point"",""coordinates"":[81.65318793346633,21.133276779198937]}",81.65318793346633,21.133276779198937
2418,57.91083530000003,0.0465537541889321,0.1104235157609746,-0.150785264001749,21824.0,0.0,9421.0,10076.5,11652.5,12650.0,15790.5,17332.5,15111.0,177.0,6355.0,53265.0,14120.0,1470.0,9665.0,111.0,240.0,12084.5,3071.5,"{""type"":""Point"",""coordinates"":[81.61783919717855,21.128402746682973]}",81.61783919717855,21.128402746682973
1684,57.82025777000001,0.0773641522326866,0.0856873164592364,-0.1340770902185622,21824.0,0.0,9536.5,10233.0,11856.0,13076.5,15527.5,18131.5,16255.5,224.0,6362.5,53238.5,13995.5,1466.0,9669.0,70.0,231.0,12080.5,3063.0,"{""type"":""Point"",""coordinates"":[81.67603108003972,21.170606701461306]}",81.67603108003972,21.170606701461306
983,57.79974965000002,0.0762423799758406,0.0939303714299971,-0.1501573976915005,21824.0,0.0,9552.5,10278.0,12148.5,13618.0,16441.5,19155.5,16874.5,145.0,6358.0,53232.5,13954.5,1467.0,9672.0,148.0,251.0,12076.0,3065.5,"{""type"":""Point"",""coordinates"":[81.70396307108719,21.142778007819874]}",81.70396307108719,21.142778007819874
2008,57.78607757000003,0.0868790181180596,0.1058340558809477,-0.1526217746546413,21824.0,0.0,9504.0,10111.5,11486.0,12633.0,15623.5,18596.5,16263.0,224.0,6367.5,53228.5,13986.0,1464.5,9678.0,68.0,230.0,12086.5,3059.0,"{""type"":""Point"",""coordinates"":[81.67880652278001,21.193243642821628]}",81.67880652278001,21.193243642821628
64,57.75702439999998,0.0586010692245543,0.0865441847545732,-0.1169260263914666,21824.0,0.0,8720.0,9386.0,10824.5,11510.0,13691.0,15395.5,13388.0,209.0,6364.5,53220.0,13979.5,1465.5,9672.5,74.0,231.0,12077.5,3061.5,"{""type"":""Point"",""coordinates"":[81.68333276220572,21.185855270263307]}",81.68333276220572,21.185855270263307
1311,57.69208202000004,0.0631310555838857,0.1188988846160538,-0.1616504678975322,21824.0,0.0,9589.5,10239.5,11601.5,12659.0,16075.5,18242.0,15588.5,177.0,6355.5,53201.0,14067.5,1469.5,9670.0,130.0,245.0,12064.0,3070.5,"{""type"":""Point"",""coordinates"":[81.6414376477511,21.140876537378926]}",81.6414376477511,21.140876537378926
2457,57.63397568000005,0.0375379135709714,0.1331411348447123,-0.1842569291082464,21824.0,0.0,9159.0,10117.5,11912.5,13230.0,17294.0,18643.0,15258.5,224.0,6353.5,53184.0,14042.0,1470.0,9680.0,58.0,229.0,12064.0,3071.0,"{""type"":""Point"",""coordinates"":[81.65651734471095,21.120561775268758]}",81.65651734471095,21.120561775268758
913,57.62713964,0.0806526211703162,0.0827197595792637,-0.1246951397966948,21824.0,0.0,9097.0,9706.5,11215.5,12209.0,14411.0,16939.5,15215.5,224.0,6359.5,53182.0,13942.0,1466.0,9735.5,89.0,234.0,12110.5,3063.5,"{""type"":""Point"",""coordinates"":[81.711664643646,21.147279763377952]}",81.711664643646,21.147279763377952
353,57.62543062999998,0.0813883386443889,0.0924734119735741,-0.143234842259459,21824.0,0.0,9663.5,10305.0,11990.0,13290.5,15999.0,18834.0,16989.5,177.0,6362.5,53181.5,14000.5,1466.0,9659.0,85.0,233.0,12050.0,3063.5,"{""type"":""Point"",""coordinates"":[81.67338022933144,21.16745241394341]}",81.67338022933144,21.16745241394341
1600,57.58612340000002,0.069847262742406,0.0907826850598265,-0.1285468208748982,21824.0,0.0,9146.5,9877.0,11509.5,12424.0,14905.0,17143.5,15351.5,224.0,6356.5,53170.0,14005.5,1468.5,9735.5,72.0,231.0,12106.5,3068.5,"{""type"":""Point"",""coordinates"":[81.67336387136446,21.14568154027059]}",81.67336387136446,21.14568154027059
1904,57.57928736000002,0.0642192885478311,0.0968860769142813,-0.1322291289637265,21824.0,0.0,9062.0,9659.0,11028.5,11847.5,14389.5,16364.5,14643.5,224.0,6361.0,53168.0,14058.0,1468.0,9589.5,167.0,258.0,11988.0,3066.5,"{""type"":""Point"",""coordinates"":[81.64230047147285,21.174491178982706]}",81.64230047147285,21.174491178982706
478,57.570742310000014,0.0386400971359188,0.1612858695839732,-0.1931566350500842,21824.0,0.0,9264.5,9914.5,11377.5,12151.5,16825.0,18177.5,14977.0,177.0,6358.5,53165.5,14059.0,1468.5,9603.0,99.0,237.0,11996.5,3068.0,"{""type"":""Point"",""coordinates"":[81.64413945356232,21.15204363644053]}",81.64413945356232,21.15204363644053
1159,57.5690333,0.0581645320495352,0.1092251185679135,-0.1486918148414852,21824.0,0.0,9082.5,9871.5,11526.5,12490.0,15553.0,17474.0,15065.0,224.0,6363.0,53165.0,13938.0,1465.0,9579.0,198.0,271.0,11975.5,3061.0,"{""type"":""Point"",""coordinates"":[81.7122959577511,21.163651243837858]}",81.7122959577511,21.163651243837858
1192,57.53143508000005,0.0795653990806519,0.1158808430154012,-0.1622605667247111,21824.0,0.0,9678.0,10376.0,11907.0,13088.5,16519.5,19375.5,16820.0,224.0,6358.0,53154.0,13998.0,1468.0,9730.0,65.0,230.0,12096.5,3067.0,"{""type"":""Point"",""coordinates"":[81.67711582034953,21.148773090988133]}",81.67711582034953,21.148773090988133
185,57.49041884000002,0.0544742318521238,0.1008729734544806,-0.147824794739384,21824.0,0.0,9240.5,9900.0,11469.0,12617.0,15448.0,17228.0,14978.5,224.0,6358.0,53142.0,14041.5,1469.0,9582.5,208.0,275.0,11971.0,3068.5,"{""type"":""Point"",""coordinates"":[81.65230771369048,21.157885678520902]}",81.65230771369048,21.157885678520902
2043,57.48016478,0.0761691072272083,0.1086232551548218,-0.1508219631495715,21824.0,0.0,9449.5,10114.5,11545.0,12580.0,15646.0,18226.0,16022.5,192.0,6366.5,53139.0,13987.5,1465.0,9672.0,81.0,232.0,12048.0,3059.5,"{""type"":""Point"",""coordinates"":[81.67781711892528,21.1923295511316]}",81.67781711892528,21.1923295511316
115,57.45965666000001,0.043892847041711,0.1140404563501404,-0.1687520579519262,21824.0,0.0,9760.5,10775.0,12622.5,14114.0,17747.5,19377.0,16276.5,177.0,6351.0,53133.0,14136.5,1472.0,9529.0,428.0,398.0,11921.0,3076.0,"{""type"":""Point"",""coordinates"":[81.61163769955785,21.11919566547035]}",81.61163769955785,21.11919566547035
2132,57.40496833999998,0.0104700919547206,0.1540721339326797,-0.1806068506046781,21824.0,0.0,9193.5,9861.5,11315.0,11950.0,16303.0,16648.0,14232.0,224.0,6361.5,53117.0,14071.0,1467.5,9598.5,136.0,247.0,11976.5,3066.0,"{""type"":""Point"",""coordinates"":[81.6364092055994,21.169283512605375]}",81.6364092055994,21.169283512605375
2302,57.36566111000002,0.0709596748984057,0.0964477706334984,-0.143035053661038,21824.0,0.0,9443.5,10113.5,11698.0,12858.0,15603.0,17986.5,16312.0,224.0,6364.5,53105.5,13981.5,1465.0,9641.5,66.0,230.0,12008.0,3060.5,"{""type"":""Point"",""coordinates"":[81.68400290174228,21.172830451533354]}",81.68400290174228,21.172830451533354
1280,57.36566111000002,0.076495058424525,0.1218978337142305,-0.1739306163691478,21824.0,0.0,9752.5,10445.5,12263.0,13640.0,17427.0,20314.0,17763.5,160.0,6355.5,53105.5,14017.0,1469.0,9670.0,90.0,235.0,12027.5,3069.5,"{""type"":""Point"",""coordinates"":[81.6677117492807,21.13673318102578]}",81.6677117492807,21.13673318102578
1472,57.32464487000004,0.0589646341858731,0.0994338086311045,-0.1358478754206119,21824.0,0.0,8866.5,9537.0,11043.0,11889.5,14515.0,16334.0,14433.5,224.0,6358.0,53093.5,14053.0,1468.5,9589.0,179.0,263.0,11958.0,3068.5,"{""type"":""Point"",""coordinates"":[81.64736269411775,21.151011626771222]}",81.64736269411775,21.151011626771222
1050,57.31951784,0.0629868747782901,0.1230230264276725,-0.1688615123194562,21824.0,0.0,9501.0,10190.5,11739.0,12892.0,16509.0,18728.5,16136.5,224.0,6367.5,53092.0,13983.5,1464.5,9632.0,55.0,228.0,11997.0,3059.5,"{""type"":""Point"",""coordinates"":[81.67967024792473,21.19549285363103]}",81.67967024792473,21.19549285363103
2048,57.30242773999999,0.0812200279163614,0.113657302712029,-0.1635135371637585,21824.0,0.0,9701.5,10382.0,11949.0,13228.0,16620.5,19559.0,17248.5,160.0,6367.5,53087.0,13979.0,1464.5,9673.0,71.0,230.0,12029.0,3059.0,"{""type"":""Point"",""coordinates"":[81.68275792340275,21.192814919157012]}",81.68275792340275,21.192814919157012
876,57.295591700000045,0.0782903463522476,0.0974466964990787,-0.1438343636829205,21824.0,0.0,9363.5,10039.0,11702.5,12858.0,15634.5,18290.5,16383.5,192.0,6356.0,53085.0,14013.0,1468.0,9718.0,68.0,230.0,12058.5,3068.0,"{""type"":""Point"",""coordinates"":[81.671782426989,21.12374486982149]}",81.671782426989,21.12374486982149
1307,57.28533764000002,0.0718781693201758,0.0842924847664184,-0.1270672870156781,21824.0,0.0,8939.0,9610.0,11163.5,12172.5,14413.5,16646.0,14696.5,224.0,6365.5,53082.0,13929.5,1463.5,9729.5,82.0,232.0,12070.0,3058.0,"{""type"":""Point"",""coordinates"":[81.71789086188808,21.165878950156788]}",81.71789086188808,21.165878950156788
1520,57.28021061000004,0.0747317526461748,0.115299800483041,-0.1553774747987526,21824.0,0.0,9592.0,10241.5,11646.5,12637.5,15931.5,18505.0,16081.0,160.0,6362.0,53080.5,14039.0,1467.0,9603.5,147.0,251.0,11968.0,3065.5,"{""type"":""Point"",""coordinates"":[81.65091910633778,21.181083352012195]}",81.65091910633778,21.181083352012195
813,57.26141150000001,0.0486540880503144,0.08756255152712,-0.1241824884061992,21824.0,0.0,9235.0,9853.0,11048.0,11897.5,14181.0,15631.5,14392.5,160.0,6355.0,53075.0,14191.5,1470.5,9668.0,138.0,247.0,12016.0,3072.0,"{""type"":""Point"",""coordinates"":[81.58779030439723,21.124066009299575]}",81.58779030439723,21.124066009299575
1694,57.25799347999998,0.0384925720252503,0.135262361534007,-0.1648107331097268,21824.0,0.0,8744.0,9367.0,10894.0,11573.0,15193.5,16410.0,14092.5,209.0,6358.0,53074.0,13958.0,1467.5,9689.5,121.0,242.0,12031.5,3066.0,"{""type"":""Point"",""coordinates"":[81.70113819676081,21.148807977053828]}",81.70113819676081,21.148807977053828
2386,57.252866450000056,0.0452740758979409,0.1183617550564228,-0.1499110320284697,21824.0,0.0,9094.0,9860.5,11466.0,12227.0,15510.0,16981.0,15086.0,224.0,6352.5,53072.5,14082.5,1471.0,9683.5,87.0,234.0,12026.5,3073.5,"{""type"":""Point"",""coordinates"":[81.63548391553496,21.130702189762367]}",81.63548391553496,21.130702189762367
1461,57.23406734000002,0.0812786111001174,0.1030681260196727,-0.1596036966114395,21824.0,0.0,9869.5,10703.0,12617.5,14156.5,17410.0,20490.5,18286.0,192.0,6358.5,53067.0,14001.5,1467.0,9711.5,54.0,228.0,12047.0,3065.5,"{""type"":""Point"",""coordinates"":[81.67718749627997,21.129434672953785]}",81.67718749627997,21.129434672953785
1796,57.22039526000003,0.0612269458735746,0.1229598171708265,-0.1647535322993075,21824.0,0.0,9142.5,9806.0,11187.5,12184.5,15601.0,17636.0,14942.0,224.0,6366.5,53063.0,13975.0,1465.0,9657.0,91.0,234.0,12006.5,3059.5,"{""type"":""Point"",""coordinates"":[81.68551202350432,21.187943113165502]}",81.68551202350432,21.187943113165502
2342,57.20330516000001,0.0749604271188259,0.1108998936752907,-0.1636713410621171,21824.0,0.0,9859.0,10634.0,12390.0,13797.5,17239.5,20033.5,17565.5,224.0,6361.0,53058.0,13999.5,1467.0,9673.0,76.0,231.0,12015.5,3065.0,"{""type"":""Point"",""coordinates"":[81.6742593388351,21.166320130573233]}",81.6742593388351,21.166320130573233
970,57.18621506,0.0797599122756391,0.097195940134182,-0.1436256051640667,21824.0,0.0,9732.0,10367.0,11940.0,13120.0,15945.0,18709.0,16384.0,160.0,6367.0,53053.0,10777.0,1465.0,9676.0,99.0,236.0,12021.0,3061.0,"{""type"":""Point"",""coordinates"":[81.65246556311563,21.2096167385525]}",81.65246556311563,21.2096167385525
1108,57.18450604999998,0.0855579998810868,0.1240225096835489,-0.1641593339010313,21824.0,0.0,9058.0,9738.0,11042.5,11986.0,15380.0,18258.0,15337.5,209.0,6375.0,53052.5,13890.0,1458.5,9672.0,84.0,232.0,12014.5,3047.0,"{""type"":""Point"",""coordinates"":[81.7460719656135,21.181770151574366]}",81.7460719656135,21.181770151574366
1184,57.16741595000002,0.074401958937653,0.1305948356724421,-0.1711797598313319,21824.0,0.0,9208.0,9875.5,11302.0,12281.0,15970.5,18538.0,15860.0,224.0,6365.5,53047.5,13933.0,1464.5,9675.0,78.0,231.0,12013.5,3059.5,"{""type"":""Point"",""coordinates"":[81.7137743762916,21.176656401144225]}",81.7137743762916,21.176656401144225
966,57.16741595000002,0.0923488216662307,0.1069175703451697,-0.1516905718815678,21824.0,0.0,9513.5,10156.0,11503.5,12600.5,15617.5,18795.5,16443.0,209.0,6364.5,53047.5,13998.5,1465.5,9721.5,93.0,234.0,12051.5,3061.5,"{""type"":""Point"",""coordinates"":[81.6742264499251,21.170029613134627]}",81.6742264499251,21.170029613134627
511,57.13152674000003,0.0670068683152601,0.1017026345291479,-0.1478264043508413,21824.0,0.0,9297.5,9967.0,11673.5,12820.5,15723.5,17982.0,15586.0,224.0,6355.5,53037.0,14115.5,1470.0,9719.5,90.0,234.0,12044.5,3071.0,"{""type"":""Point"",""coordinates"":[81.6191325768991,21.135204103189828]}",81.6191325768991,21.135204103189828
129,57.070002380000005,0.0745495298809419,0.1248230965185394,-0.1623281661304475,21824.0,0.0,9386.0,9987.0,11456.0,12368.0,15896.0,18457.0,15824.0,224.0,6366.0,53019.0,10918.0,1465.0,9650.0,75.0,231.0,11983.0,3061.0,"{""type"":""Point"",""coordinates"":[81.67752057939742,21.195156607727437]}",81.67752057939742,21.195156607727437
1079,57.04949426000002,0.0488698375058902,0.1471208315764386,-0.1783582230089828,21824.0,0.0,9079.5,9627.0,10907.5,11630.5,15643.0,17250.5,14323.5,224.0,6354.0,53013.0,14110.0,1470.0,9676.5,74.0,231.0,11998.0,3072.0,"{""type"":""Point"",""coordinates"":[81.62394290438549,21.117185130781447]}",81.62394290438549,21.117185130781447
1984,57.04265822000002,0.0796717997502824,0.1172946441460949,-0.1590415574691127,21824.0,0.0,9416.0,9983.0,11231.0,12229.0,15479.0,18159.0,15743.0,224.0,6367.0,53011.0,10776.0,1465.0,9684.0,75.0,231.0,12011.0,3061.0,"{""type"":""Point"",""coordinates"":[81.69344621133169,21.207249191797125]}",81.69344621133169,21.207249191797125
650,57.03069515000004,0.0526060292237738,0.1028273276950027,-0.1383353100149709,21824.0,0.0,8920.5,9627.5,11079.5,11907.5,14637.0,16262.5,14229.0,224.0,6363.0,53007.5,13968.0,1466.0,9760.5,97.0,235.0,12068.5,3062.5,"{""type"":""Point"",""coordinates"":[81.69235583504435,21.170987343843944]}",81.69235583504435,21.170987343843944
564,57.02556812,0.0581147650113167,0.0964392266263706,-0.1282869161300612,21824.0,0.0,8740.5,9446.5,10931.5,11660.0,14149.0,15895.0,14091.0,209.0,6365.5,53006.0,13926.0,1464.0,9701.5,73.0,230.0,12018.5,3058.5,"{""type"":""Point"",""coordinates"":[81.71971260857843,21.170291558828787]}",81.71971260857843,21.170291558828787
1636,57.01873208000001,0.0616319690988099,0.1399834379959975,-0.1806178420196894,21824.0,0.0,9190.5,9922.5,11465.0,12462.5,16519.5,18689.5,15599.0,209.0,6353.5,53004.0,14038.5,1470.0,9680.0,62.0,229.0,11996.5,3071.5,"{""type"":""Point"",""coordinates"":[81.65849672927142,21.120408154342424]}",81.65849672927142,21.120408154342424
162,57.01531406000004,0.0383051168069611,0.1256503930034318,-0.155476429477831,21824.0,0.0,9038.5,9698.0,11147.5,11847.0,15252.0,16467.0,14526.5,224.0,6358.5,53003.0,14004.5,1468.0,9729.5,102.0,236.5,12039.5,3066.5,"{""type"":""Point"",""coordinates"":[81.6731706178904,21.150301356088605]}",81.6731706178904,21.150301356088605
2466,57.01360505000002,0.0606159603219387,0.1049781659388646,-0.1488867095274418,21824.0,0.0,9471.0,10192.5,11716.0,12810.0,15815.0,17856.0,15687.5,224.0,6367.5,53002.5,13988.0,1464.5,9672.0,81.0,232.0,11996.5,3059.0,"{""type"":""Point"",""coordinates"":[81.67752307605103,21.19249128554969]}",81.67752307605103,21.19249128554969
846,57.00676901000003,0.0520255505126912,0.1280692103815572,-0.1690909719103064,21824.0,0.0,9607.5,10368.0,12024.5,13077.0,16918.5,18775.5,16217.0,224.0,6360.0,53000.5,14063.5,1468.0,9644.5,157.0,253.0,11971.0,3067.5,"{""type"":""Point"",""coordinates"":[81.63988300644496,21.171816466670705]}",81.63988300644496,21.171816466670705
2097,56.984551880000026,0.0714651716550622,0.1010990974890537,-0.1442898798358189,21824.0,0.0,9326.5,10016.5,11518.5,12574.5,15403.0,17774.0,15511.0,224.0,6362.5,52994.0,13999.5,1466.5,9763.0,53.0,227.0,12066.5,3063.5,"{""type"":""Point"",""coordinates"":[81.67287981102245,21.175965566052337]}",81.67287981102245,21.175965566052337
